id,sentence,queryId,correct,
WR-P-P-G0000000/WR-P-P-G-0000000849.p.3.s.2.xml,Met de komst van de wiskundige techniek die in het artikel beschreven wordt moet worden gevreesd dat het pseudoniem zijn langste tijd heeft gehad .,^q_1_pos,0,
WR-P-P-G0000001/WR-P-P-G-0000001520.p.3.s.3.xml,En dit vooral omdat men zich de kosten van de weldadige nieuwe technieken waarmee het leven in stand kan worden gehouden wil besparen !,^q_1_pos,0,
WR-P-P-G0000002/WR-P-P-G-0000002075.p.2.s.7.xml,"Want het is nooit onze schuld , de hand in eigen boezem steken is iets wat we niet kunnen .",^q_1_pos,0,
WR-P-P-G0000002/WR-P-P-G-0000002165.p.2.s.3.xml,Dit morele dilemma ( namelijk of zo'n film niet overal vertoond zou moeten kunnen worden ) valt nog net binnen de grens van Etty .,^q_1_pos,1,
WR-P-P-G0000003/WR-P-P-G-0000003449.p.1.s.5.xml,Mijn Winkler Prins zegt van Richard III : ` Of hij werkelijk zijn twee neefjes heeft laten ombrengen wordt betwist .,^q_1_pos,0,
WR-P-P-G0000003/WR-P-P-G-0000003451.p.2.s.4.xml,"De vraag hoe andere accenten aan de hulp zouden kunnen worden gegeven is echter zeer terecht , zoals onlangs ook is geconcludeerd door de Wetenschappelijke Raad voor het Regeringsbeleid ( WRR ) in haar rapport : ` Ontwikkelingsbeleid en Goed Bestuur ' .",^q_1_pos,0,
WR-P-P-G0000005/WR-P-P-G-0000004088.p.12.s.6.xml,"Toch was hij schuldig , zei Hannah Arendt , omdat hij het lijden van de joden die hij op transport liet zetten had moeten opmerken .",^q_1_pos,0,
WR-P-P-G0000006/WR-P-P-G-0000004558.p.6.s.2.xml,"Leden van de landmachttop die zich aan die doodzonde schuldig hebben gemaakt moeten worden gestraft , zonodig met ontslag .",^q_1_pos,0,
WR-P-P-G0000012/WR-P-P-G-0000006264.p.3.s.3.xml,",, Ik zou hebben moeten kunnen winnen van deze jongen .",^q_1_pos,0,
WR-P-P-G0000012/WR-P-P-G-0000006335.p.17.s.1.xml,De grenzen van wat wel en niet kan worden gezegd worden opgerekt .,^q_1_pos,0,
WR-P-P-G0000017/WR-P-P-G-0000009009.p.4.s.1.xml,"De afgelopen weken leverden twee rechercheurs van het onderzoeksteam harde kritiek op hun collega's en superieuren , omdat die koste wat kost André de Vries veroordeeld zouden hebben willen zien .",^q_1_pos,1,
WR-P-P-G0000024/WR-P-P-G-0000012787.p.3.s.2.xml,"Het laatste wat je de jongelingen kan verwijten kan worden is dat ze zich spiegelen aan andere bands , maar de overeenkomsten met de moeder aller Haagse rockbands zijn frappant .",^q_1_pos,0,
WR-P-P-G0000026/WR-P-P-G-0000013875.p.10.s.4.xml,"Roken zou moeten worden opgenomen in de kijkwijzer , net als geweld , seks en grof taalgebruik .",^q_1_pos,0,
WR-P-P-G0000044/WR-P-P-G-0000023524.p.2.s.7.xml,' Zeevarenden werknemers kunnen inzetten zullen worden gedwongen voor dat werk. dit werk te doen voor een appel De internationale vakbond en een ei .,^q_1_pos,0,
WR-P-P-G0000062/WR-P-P-G-0000033266.p.2.s.2.xml,"' Maar een eenvoudige rekensom leert dat extra bezuinigingen betekenen dat wij geen van de ambities die door u - en onszelf - zijn geïdentificeerd zullen kunnen realiseren ' , schrijft H. Bruins Slot , voorzitter van de raad van bestuur van de Publieke Omroep .",^q_1_pos,0,
WR-P-P-G0000069/WR-P-P-G-0000037055.p.8.s.1.xml,Een verslaggever die er ging kijken zag lijken liggen bij huizen en in velden .,^q_1_pos,0,
WR-P-P-G0000077/WR-P-P-G-0000041424.p.14.s.4.xml,"Dat zoiets als bekeren zou kunnen worden gezien , maakt hen niet uit .",^q_1_pos,0,
WR-P-P-G0000078/WR-P-P-G-0000041983.p.2.s.3.xml,Zijn statistische verklaring over het aantal handen dat er in gegraaid heeft en waar die handen mogelijkerwijs geweest zouden kunnen zijn is voldoende om deze versnapering voortaan maar te laten staan .,^q_1_pos,0,
WR-P-P-G0000082/WR-P-P-G-0000044080.p.1.s.1.xml,"Psychiatrische patiënten die geregeld in acute nood verkeren en geen contact hebben met de hulpverlening , moeten gedwongen kunnen worden behandeld .",^q_1_pos,0,
WR-P-P-G0000088/WR-P-P-G-0000047844.p.5.s.2.xml,"Het probleem zou opgelost kunnen worden denkt Groen-Links , door ook die zaken door te schuiven naar Commissievoorzitter Barroso , maar in dat geval zit je al snel met twee Commissarissen voor Mededinging .",^q_1_pos,0,
WR-P-P-G0000103/WR-P-P-G-0000056804.p.7.s.2.xml,"Zo is nog open hoe het geld dat op uitkeringen wordt bezuinigd aangewend zal worden , of er bijzondere steun komt voor de nieuwe Oost-Duitse deelstaten en of werkgevers verplicht worden meer te doen voor de her- , om- of bijscholing van werklozen .",^q_1_pos,0,
WR-P-P-G0000104/WR-P-P-G-0000057122.p.2.s.2.xml,Een voorstel om de toeristen door het Algerijnse leger te laten bevrijden zou zijn tegengehouden door Duitse functionarissen .,^q_1_pos,0,
WR-P-P-G0000104/WR-P-P-G-0000057150.p.4.s.1.xml,De zeshonderd stations in Frankrijk die Shell wil afstoten zullen worden verkocht of Shell zal de contracten met de uitbaters van de stations simpelweg niet verlengen .,^q_1_pos,0,
WR-P-P-G0000106/WR-P-P-G-0000058070.p.1.s.7.xml,De kaartverkoop voor de wedstrijd is inmiddels stopgezet waardoor de thuisclub alleen door de houders van seizoenskaarten en degenen die al een kaartje hadden gekocht kan worden aangemoedigd .,^q_1_pos,0,
WR-P-P-G0000110/WR-P-P-G-0000060171.p.10.s.3.xml,"De meeste Arabieren hebben dat ondertussen wel begrepen , en zij die zich willen blijven verzetten zullen gedood worden of in de gevangenis belanden .",^q_1_pos,0,
WR-P-P-G0000114/WR-P-P-G-0000061507.p.1.s.2.xml,"Hoofddirecteur van het gevangeniswezen P. Jäger : "" Nagenoeg elke plek die gebruikt kan worden is bezet . ''",^q_1_pos,0,
WR-P-P-G0000114/WR-P-P-G-0000061507.p.7.s.2.xml,Nagenoeg elke plek die gebruikt kan worden is bezet .,^q_1_pos,0,
WR-P-P-G0000115/WR-P-P-G-0000061924.p.2.s.7.xml,De bezitter moet namelijk elke andere relevante informatie en documentatie die hij zou kunnen krijgen hebben geraadpleegd en daarenboven alle andere stappen hebben genomen die een verstandig persoon in dezelfde omstandigheden zou hebben genomen .,^q_1_pos,0,
WR-P-P-G0000117/WR-P-P-G-0000063065.p.2.s.2.xml,Banktegoeden van organisaties die van terrorisme worden verdacht zouden bevroren moeten worden .,^q_1_pos,0,
WR-P-P-G0000119/WR-P-P-G-0000063944.p.1.s.4.xml,De keuze voor welk soort onderzoek door welke partij zou moeten worden uitgevoerd zou in belangrijke mate af moeten hangen van het beoogde onderzoeksdoel .,^q_1_pos,0,
WR-P-P-G0000120/WR-P-P-G-0000064145.p.1.s.2.xml,Het aantal misdrijven waarvoor de doodstraf kan worden geëist is teruggebracht van vijftien tot vijf .,^q_1_pos,0,
WR-P-P-G0000120/WR-P-P-G-0000064194.head.1.s.1.xml,Leren &amp, filmen is ploeteren,0,^q_1_pos
WR-P-P-G0000122/WR-P-P-G-0000065168.p.14.s.1.xml,Waar de kleine Franse interventiemacht mee is begonnen moet worden voortgezet met een veel grotere Europese militaire en burgerlijke actie .,^q_1_pos,0,
WR-P-P-G0000122/WR-P-P-G-0000065220.p.11.s.2.xml,Ambtenaren tegen wie een fraude-onderzoek loopt moeten geschorst kunnen worden .,^q_1_pos,0,
WR-P-P-G0000124/WR-P-P-G-0000065768.p.11.s.2.xml,Zwaar gaan / zijn / lopen = zwanger zijn .,^q_1_pos,0,
WR-P-P-G0000127/WR-P-P-G-0000067151.p.4.s.2.xml,"Omdat we die onbeschaamdheid hadden , wordt nu gesuggereerd dat het systeem dat de BBC tachtig jaar heeft beschermd geschrapt moet worden en vervangen moet worden door een externe controleur die de ` BBC mores moet leren ' . ''",^q_1_pos,0,
WR-P-P-G0000136/WR-P-P-G-0000071518.p.10.s.7.xml,"Het woord dat voor ` vreemdeling ' wordt gebruikt kan worden weergegeven met : iemand die erbij gekomen is , nieuwkomer .",^q_1_pos,0,
WR-P-P-G0000136/WR-P-P-G-0000071554.p.2.s.2.xml,"Het gaat niet meer om knap gemaakte korte films , om dappere of laffe , om korte korte films of nog veel kortere , het gaat erom dat ze gemaakt moeten kunnen blijven worden , en vertoond .",^q_1_pos,1,
WR-P-P-G0000141/WR-P-P-G-0000073554.p.7.s.3.xml,De studiegroep die Bush en Hu zeiden te zullen instellen zal moeten uitkomen op een oplossing die voor beide partijen werkbaar is .,^q_1_pos,0,
WR-P-P-G0000141/WR-P-P-G-0000073554.p.7.s.7.xml,De bandbreedte waarmee de yuan van zijn gekoppelde niveau mag afwijken moet worden verbreed van de huidige 1 procent naar tussen de 5 en 7 procent .,^q_1_pos,0,
WR-P-P-G0000144/WR-P-P-G-0000074863.p.8.s.2.xml,"Daarin noteerde hij huishoudelijke zaken , lijsten van schuldeisers en de prijs van muziekpapier , maar hij schreef ook favoriete pasages uit boeken over en sprak zichzelf , vaak vermanend , toe : ` Alles dat leven wordt genoemd moet opgeofferd worden voor het sublieme en mag slechts een heiligdom zijn voor je kunst . '",^q_1_pos,0,
WR-P-P-G0000147/WR-P-P-G-0000076264.p.9.s.4.xml,"Mensen die alleen willen ontvangen , maar niet willen geven zouden moeten worden uitgesloten van het ontvangen van organen .",^q_1_pos,0,
WR-P-P-G0000151/WR-P-P-G-0000078394.p.23.s.1.xml,"De Franse scheiding van kerk en staat brengt thans mee dat de beginselen waarop zij is gegrondvest moeten worden geconsolideerd , dat de publieke diensten moeten worden versterkt en dat het respect voor de geestelijke verscheidenheid moet worden gewaarborgd .",^q_1_pos,0,
WR-P-P-G0000157/WR-P-P-G-0000080476.p.10.s.2.xml,"Dergelijke landen zouden geweerd moeten kunnen worden uit de Organisatie van Amerikaanse Staten , luidde hun voorstel .",^q_1_pos,!0,
WR-P-P-G0000157/WR-P-P-G-0000080519.p.4.s.5.xml,Het enige dat je moet doen is komen opdagen en proberen de tocht uit te fietsen . '',^q_1_pos,0,
WR-P-P-G0000157/WR-P-P-G-0000080569.p.3.s.3.xml,Nadat de Egyptenaren de Italiaanse politie hadden gewaarschuwd zou zijn gebleken dat het om twee gezochte terroristen ging .,^q_1_pos,0,
WR-P-P-G0000160/WR-P-P-G-0000082271.p.5.s.6.xml,"Het lijkt wel alsof alles waarnaar mensen kunnen verlangen ontmaskerd moet worden , zonder uitzicht .",^q_1_pos,0,
WR-P-P-G0000164/WR-P-P-G-0000083806.p.4.s.4.xml,"Het houten model dat de architect van de kerk had laten maken was verdwenen en de architect zelf , Arnolfo di Cambio , was dood .",^q_1_pos,0,
WR-P-P-G0000165/WR-P-P-G-0000083907.p.5.s.2.xml,De kans dat de club daarentegen voor niets een vergelijkbare vervanger aan zal kunnen trekken lijkt uitgesloten .,^q_1_pos,0,
WR-P-P-G0000168/WR-P-P-G-0000085301.p.3.s.4.xml,"Ontmoetingsplaatsen waar terreurdaden worden voorbereid moeten kunnen worden gesloten , ook als het om moskeeën gaat .",^q_1_pos,0,
WR-P-P-G0000169/WR-P-P-G-0000085608.p.7.s.2.xml,"Zowel de Inspectie van het Onderwijs als de Inspectie Verkeer &amp; Waterstaat acht het daarom "" overtuigend aangetoond '' dat de betrokken docent in december en januari "" tijdens meerdere lessen '' de "" examens die nog afgenomen moesten worden heeft gepresenteerd '' .",^q_1_pos,0,
WR-P-P-G0000169/WR-P-P-G-0000085717.p.2.s.1.xml,Wat misschien had moeten worden benadrukt is dat de X-43A niet veel groter was dan een surfplank .,^q_1_pos,0,
WR-P-P-G0000169/WR-P-P-G-0000085871.p.8.s.2.xml,"Maar je wilt jezelf toch ook weer niet verschonen van alles wat in de wereld gebeurt en gewoon een potje van de loterij gaan zitten dromen in plaats van , in plaats van ...",^q_1_pos,0,
WR-P-P-G0000171/WR-P-P-G-0000086286.p.5.s.1.xml,"Na afloop van dat optreden begaf Bush zich naar het Pentagon , het ministerie van Defensie , waar hem meer belastende beelden van gevangenen die werden mishandeld zouden zijn voorgelegd .",^q_1_pos,0,
WR-P-P-G0000171/WR-P-P-G-0000086607.p.3.s.1.xml,Om het momentum van de economie beter in te kunnen schatten moet worden gekeken naar kwartaalcijfers .,^q_1_pos,0,
WR-P-P-G0000172/WR-P-P-G-0000086905.p.4.s.4.xml,Dit is dus de volgorde : begeren - organiseren - genieten .,^q_1_pos,0,
WR-P-P-G0000173/WR-P-P-G-0000087525.p.4.s.2.xml,Een geschiedenis die zich in de nabije toekomst zo zou kunnen voordoen is geënsceneerd en nagespeeld .,^q_1_pos,0,
WR-P-P-G0000175/WR-P-P-G-0000088442.p.8.s.1.xml,Of Sharons minderheidsregering het Gaza-plan daadwerkelijk kan uitvoeren moet betwijfeld worden .,^q_1_pos,0,
WR-P-P-G0000177/WR-P-P-G-0000089117.p.2.s.2.xml,Het geld dat daarmee vrijkomt zou moeten worden besteed aan belastingaftrek .,^q_1_pos,0,
WR-P-P-G0000178/WR-P-P-G-0000089268.p.5.s.2.xml,"Wie zwartgallig zou willen oordelen kan constateren dat het huidige Nederlands elftal sinds 29 mei van dit jaar verloor van België , Ierland ( beide vriendschappelijk ) , Tsjechië en Portugal .",^q_1_pos,0,
WR-P-P-G0000178/WR-P-P-G-0000089573.p.3.s.2.xml,Waar de diamanten vandaan kwamen was onduidelijk en dat is tegen de regels : elke diamant die op de internationale markt verhandeld wordt moet zijn voorzien van een echtheidscertificaat met onder meer vindplaats en - datum .,^q_1_pos,0,
WR-P-P-G0000181/WR-P-P-G-0000090617.p.7.s.3.xml,"De tariefstructuur is gemoderniseerd , de contracteerplicht van instellingen is vervallen en de instellingen hebben enerzijds meer vrijheid gekregen terwijl aan de andere kant de eisen die aan die instellingen en hun besturen kunnen worden gesteld zijn verscherpt .",^q_1_pos,0,
WR-P-P-G0000186/WR-P-P-G-0000092911.p.3.s.4.xml,"Maar "" alle plekken waar licht de duisternis zou moeten doorbreken worden beschermd met de zegels van het staatsgeheim '' , aldus de minister .",^q_1_pos,0,
WR-P-P-G0000186/WR-P-P-G-0000092941.p.8.s.5.xml,Als de hand in eigen boezem gestoken moet worden dan is het op deze vlakken waar moslims in rap tempo aan moeten werken .,^q_1_pos,0,
WR-P-P-G0000186/WR-P-P-G-0000093048.p.11.s.1.xml,"Huberts : "" Een gedragscode die dat zou kunnen regelen werd afgewezen . ''",^q_1_pos,0,
WR-P-P-G0000187/WR-P-P-G-0000093508.p.3.s.3.xml,"Het lukt niet helemaal , want beelden die inderdaad aan Willy's fantasie zouden kunnen ontspruiten worden onderbroken door scènes die hij onmogelijk zelf kan hebben bedacht .",^q_1_pos,0,
WR-P-P-G0000188/WR-P-P-G-0000093636.p.3.s.1.xml,Dat wij uiteindelijk zijn vrijgesproken zou zijn geweest om ` diplomatieke problemen ' te voorkomen is een gotspe .,^q_1_pos,0,
WR-P-P-G0000189/WR-P-P-G-0000093939.p.4.s.2.xml,Korte putts die gemaakt móesten worden werden gemaakt en bij tijd en wijle verdween er een langere putt in de hole .,^q_1_pos,0,
WR-P-P-G0000192/WR-P-P-G-0000095328.p.6.s.7.xml,""" Jongeren die in de problemen zijn gekomen kunnen opgevangen worden door jongerenwerkers .",^q_1_pos,0,
WR-P-P-G0000193/WR-P-P-G-0000095647.p.18.s.8.xml,En de tentoonstelling die vorig jaar in Den Haag over hem te zien was moet gaan reizen .,^q_1_pos,0,
WR-P-P-G0000193/WR-P-P-G-0000095800.p.1.s.2.xml,Zij wil iedereen die minder dan acht jaar van de leerplichtige leeftijd in Nederland op school is geweest verplicht laten inburgeren .,^q_1_pos,0,
WR-P-P-G0000193/WR-P-P-G-0000095839.p.3.s.3.xml,Reizigers die de komende maanden zouden gaan vliegen kunnen rekenen op een soortgelijke regeling .,^q_1_pos,0,
WR-P-P-G0000195/WR-P-P-G-0000096576.p.10.s.4.xml,""" Het weinige dat in die processen is bereikt zal worden tenietgedaan .",^q_1_pos,0,
WR-P-P-G0000195/WR-P-P-G-0000096843.p.12.s.4.xml,"Omdat we daarmee ook het gevoel dat het huwelijk ` heilig ' zou kunnen zijn verloren hebben , geen plaats meer weten te geven aan lijden , geen houding weten te vinden tegenover de dood .",^q_1_pos,0,
WR-P-P-G0000197/WR-P-P-G-0000097670.p.8.s.2.xml,In kraakbeen oorbellen schieten zou verboden moeten worden .,^q_1_pos,0,
WR-P-P-G0000198/WR-P-P-G-0000097882.p.1.s.3.xml,"Heel veel van wat nu kantoorwerk , witteboordenarbeid , of kenniswerk wordt genoemd zal worden overgenomen door computers , microchips , netwerken en expertsystemen .",^q_1_pos,0,
WR-P-P-G0000199/WR-P-P-G-0000098615.p.2.s.12.xml,Maar ik vond destijds dat slachter Milosevic na jaren gruweldaden in de Balkan te hebben gepleegd gestopt moest worden .,^q_1_pos,0,
WR-P-P-G0000200/WR-P-P-G-0000099058.p.8.s.3.xml,De beloften die voor de oorlog zijn gedaan moeten worden vervuld .,^q_1_pos,0,
WR-P-P-G0000204/WR-P-P-G-0000100610.p.4.s.1.xml,"Op de site bevindt zich een weekoverzicht waarin bijna alle films die op de Nederlandse televisie zullen worden uitgezonden zijn opgenomen , ook die van de Belgische en Engelse zenders .",^q_1_pos,0,
WR-P-P-G0000209/WR-P-P-G-0000102752.p.10.s.5.xml,De ware reis is de reis van de tekst en wie mee wil reizen zal moeten lezen .,^q_1_pos,0,
WR-P-P-G0000217/WR-P-P-G-0000105832.p.15.s.6.xml,"Iedereen die van terrorisme wordt verdacht kan worden opgepakt , zonder tussenkomst van een advocaat .",^q_1_pos,0,
WR-P-P-G0000218/WR-P-P-G-0000106479.p.10.s.6.xml,De manager die de voogd zou hebben teruggefloten is vertrokken bij jeugdzorg en men heeft besloten dat managers zich in de toekomst niet meer op deze manier met zaken mogen bemoeien .,^q_1_pos,0,
WR-P-P-G0000218/WR-P-P-G-0000106537.p.3.s.1.xml,In hoeverre dat in de praktijk zal lukken moet worden afgewacht .,^q_1_pos,0,
WR-P-P-G0000221/WR-P-P-G-0000107577.p.12.s.2.xml,"Maar om de opdracht te formuleren moest een speciale raadscommissie worden gevormd , en de vergadering waarin die commissie had moeten worden ingesteld ging gisteravond nog even niet door .",^q_1_pos,0,
WR-P-P-G0000230/WR-P-P-G-0000111585.p.15.s.1.xml,"' Redelijk onkuis ' , en ' een oneerlijke vraag ' , vindt Josien Folbert de vraag van Janse aan Nederlandse imams of er in Mekka niet een kerk gebouwd zou moeten kunnen worden .",^q_1_pos,1,
WR-P-P-G0000230/WR-P-P-G-0000111732.p.17.s.7.xml,Vandaar dat er al langer een debat bezig is over de vraag of die souvereiniteit soms niet gebroken zou moeten kunnen worden door ' humanitaire interventies ' .,^q_1_pos,1,
WR-P-P-G0000240/WR-P-P-G-0000115930.p.1.s.2.xml,De leider van de CSU zei zondag dat de inspanning die mensen hebben geleverd door kinderen te krijgen en op te voeden zou moeten worden beloond met ' een kinderpensioen ' .,^q_1_pos,0,
WR-P-P-G0000243/WR-P-P-G-0000117144.p.1.s.1.xml,Vooropgesteld : de kogelregen die het redactielokaal van het blad Quote afgelopen weekeinde heeft getroffen moet worden vertaald als een ernstige en verwerpelijke vorm van intimidatie en geweld tegen journalisten .,^q_1_pos,0,
WR-P-P-G0000244/WR-P-P-G-0000117623.p.24.s.9.xml,Het opeisen zou bedoeld kunnen zijn voor de eigen achterban .,^q_1_pos,0,
WR-P-P-G0000246/WR-P-P-G-0000118577.p.20.s.2.xml,"Hoe dat gaat werken moet worden afgewacht , maar het is een antwoord op de ongewenste eenzijdige samenstelling van buurten . ''",^q_1_pos,0,
WR-P-P-G0000249/WR-P-P-G-0000119891.p.2.s.1.xml,Door ' bloedgeld ' in de vorm van financiële compensatie aan te bieden zou kunnen worden voorkomen dat familieleden van de omgekomen Irakees wraak nemen op de in Irak gelegerde Nederlandse militairen .,^q_1_pos,0,
WR-P-P-G0000254/WR-P-P-G-0000121939.p.9.s.2.xml,Wie in de jaren tachtig een bloedtransfusie heeft gehad zal worden opgeroepen zich te laten testen .,^q_1_pos,0,
WR-P-P-G0000255/WR-P-P-G-0000122452.p.4.s.1.xml,"De periode dat het Turkse verzoek tot de EU toe te mogen treden kon worden afgehouden door ' nog niet ' te antwoorden , loopt dan ook ten einde .",^q_1_pos,0,
WR-P-P-G0000257/WR-P-P-G-0000123135.p.4.s.5.xml,"Waar vrijheden worden misbruikt moet worden opgetreden , maar de vrijheid zelf mag er niet voor worden opgeofferd . ''",^q_1_pos,0,
WR-P-P-G0000259/WR-P-P-G-0000123749.p.3.s.10.xml,"Zodat ' bloed kleven ' aan de handen van Marres , die op de kandidatenlijst de stad toch nog opgevrolijkt de Amsterdamse wethouder Duco van de PvdA stond , vond zou worden met de bootjes en de Stadig van ruimtelijke ordening. dat hij nu wel in de gemeenteraad gemeente iets voor het geld zou Die woorden nam Nicolaïgisteren kon gaan zitten toen daar een terugzien .",^q_1_pos,0,
WR-P-P-G0000260/WR-P-P-G-0000124140.p.2.s.2.xml,"Van mensen die zich recent in ons land hebben gevestigd mag verlangd worden dat zij zich verdiepen in de Nederlandse taal en gewoonten en zelfs dat zij , indien sprake is van vrijwillige immigratie , de kosten van het inburgeringsprogramma(deels) zelf betalen .",^q_1_pos,0,
WR-P-P-G0000262/WR-P-P-G-0000125055.p.4.s.2.xml,"Zij kunnen aanspraak makenop een voorschot op een schadevergoeding van ruim 16 000 euro , die binnen acht weken nadat de ziekte is vastgesteld kan worden uitgekeerd .",^q_1_pos,0,
WR-P-P-G0000262/WR-P-P-G-0000125136.p.7.s.1.xml,De hand moet in eigen boezem gestoken .,^q_1_pos,0,
WR-P-P-G0000262/WR-P-P-G-0000125159.p.2.s.1.xml,"Mozambique krijgt een nieuwe computer en een nieuw managementsysteem zodat iedere eurocent die door de Nederlandse belastingbetaler wordt gegeven kan worden verantwoord , stelt Ferrier tevreden vast .",^q_1_pos,0,
WR-P-P-G0000265/WR-P-P-G-0000126130.p.1.s.5.xml,Ook andere betrokkenen als het classificatiebureau dat een tanker heeft gekeurd kunnen worden aangepakt .,^q_1_pos,0,
WR-P-P-G0000266/WR-P-P-G-0000126735.p.5.s.1.xml,""" De hand in eigen boezem steken komt nauwelijks voor .",^q_1_pos,0,
WR-P-P-G0000268/WR-P-P-G-0000127315.p.6.s.3.xml,Toen in 1901 de Woningwet werd aangenomen kon begonnen worden met de bouw van degelijke woningen . ',^q_1_pos,0,
WR-P-P-G0000270/WR-P-P-G-0000128179.p.8.s.12.xml,Zijn vrouw en twee kinderen die dat niet hadden kunnen doen waren omgekomen onder het puin .,^q_1_pos,0,
WR-P-P-G0000272/WR-P-P-G-0000129023.p.5.s.1.xml,"De discussie over of je een fascist ondanks een prachtige stijl en een bewonderingsbare creativiteit een ' dichter ' kunt noemen moet afgebroken worden , omdat we met Önder boven gaan zitten .",^q_1_pos,0,
WR-P-P-G0000272/WR-P-P-G-0000129212.p.1.s.9.xml,Het geld dat daardoor vrijkomt zou moeten worden besteed aan kansrijke ontwikkelingen in de Randstad .,^q_1_pos,0,
WR-P-P-G0000273/WR-P-P-G-0000129664.p.8.s.1.xml,Of de hulpverlening in de situatie van Savanna gefaald heeft zal moeten blijken .,^q_1_pos,0,
WR-P-P-G0000278/WR-P-P-G-0000131454.p.6.s.3.xml,"Het belangrijkste waarvan ik verstoken zou zijn geweest was de opmerking van Wouter Bos dat hij best resultaat-gerichte pakketten wil onderzoeken , ' behalve als de resultaten van de resultaat-gerichte pakketten nog slechter zijn dan de resultaten van de niet-resultaat-gerichte pakketten ' .",^q_1_pos,0,
WR-P-P-G0000279/WR-P-P-G-0000132140.p.7.s.1.xml,"Toen haar zes jaar geleden werd gevraagd hoe ze herinnerd zou willen worden zei - inmiddels - Dr. Nina Simone : ' Als een diva van begin tot eind , die nooit een compromis heeft gesloten in haar gevoel over hoe de wereld eruit moet zien . '",^q_1_pos,0,
WR-P-P-G0000281/WR-P-P-G-0000132949.p.2.s.2.xml,"De laatste keer dat dat vanuit Nederland te zien had moeten zijn was in 1973 , maar tijdens de bewuste dag was het in het hele land bewolkt , aldus de sterrenwacht .",^q_1_pos,0,
WR-P-P-G0000281/WR-P-P-G-0000132977.p.10.s.2.xml,"De vader van de geredde Mustafa Günala , Abdullah , zei : ' De stal die ik heb gebouwd is blijven staan , maar deze school stortte in . '",^q_1_pos,0,
WR-P-P-G0000281/WR-P-P-G-0000132980.p.26.s.1.xml,De hand in eigen boezem steken is niet de favoriete bezigheid van Spaanse kerkleiders .,^q_1_pos,0,
WR-P-P-G0000282/WR-P-P-G-0000133572.p.1.s.3.xml,"Sharon zei alleen vrede te willen sluiten met de Palestijnen als deze hun eis dat alle Palestijnen die uit Israël gevlucht zijn moeten kunnen terugkeren , laten vallen .",^q_1_pos,!0,
WR-P-P-G0000284/WR-P-P-G-0000134321.p.3.s.1.xml,"Elk wapen dat voor de grijp ligt mag worden ingezet om de tegenstander op zijn knieën te brengen , met inbegrip van autodeuren , gloeilampen , prikkeldraad , verkeersborden en het barbecue-stel ( liefst brandend ) .",^q_1_pos,0,
WR-P-P-G0000289/WR-P-P-G-0000136199.p.25.s.2.xml,Het plan voor een staatsgreep dat bij leden van de terreurgroep werd gevonden moet zijn ingestoken door infiltranten om de beweging in diskrediet te brengen .,^q_1_pos,0,
WR-P-P-G0000294/WR-P-P-G-0000138514.p.15.s.8.xml,Het minste wat ze hadden kunnen doen is kijken wat die man voor figuur was .,^q_1_pos,0,
WR-P-P-G0000296/WR-P-P-G-0000139334.p.8.s.4.xml,Om dat te bewerkstelligen zal gesneden moeten worden in onder andere de mogelijkheden van een zogenaamd prepensioen en zal de vervroegde uittreding minder aantrekkelijk gemaakt moeten worden .,^q_1_pos,0,
WR-P-P-G0000298/WR-P-P-G-0000140227.p.2.s.4.xml,"Wij hebben het ook gehad over de consequenties van ons advies , namelijk dat geheel opnieuw met ontwerpen begonnen zou moeten worden .",^q_1_pos,0,
WR-P-P-G0000300/WR-P-P-G-0000141332.p.1.s.2.xml,De Liberiaanse rebellengroep LURD heeft vrijdag gezegd dat elke vredesmacht die vóór het aftreden van president Charles Taylor wordt geïnstalleerd voorbereid moet zijn op een conflict met de rebellen .,^q_1_pos,0,
WR-P-P-G0000301/WR-P-P-G-0000141753.p.13.s.4.xml,Wat Amerika moet doen is laten zien dat zijn samenwerking is gebaseerd op overtuiging en niet op bevel .,^q_1_pos,0,
WR-P-P-G0000305/WR-P-P-G-0000143526.p.5.s.2.xml,Vooral in mensen die net hun baan kwijt zijn geraakt moet geïnvesteerd worden .,^q_1_pos,0,
WR-P-P-G0000308/WR-P-P-G-0000144734.p.2.s.3.xml,"Muzikanten die er zouden kunnen gaan optreden zijn Nederlandse toppers als Benjamin Herman en Michiel Borstlap , maar ook internationale sterren als John Scofield , Brad Mehldau en Roy Hargrove .",^q_1_pos,0,
WR-P-P-G0000310/WR-P-P-G-0000145822.p.3.s.2.xml,"' Iedereen die geen identiteitsbewijs kon laten zien is opgepakt , wel tweehonderd mensen ' , zei Ibrahim Hussein , getuige van de actie .",^q_1_pos,0,
WR-P-P-G0000314/WR-P-P-G-0000147516.p.8.s.1.xml,Ieder CAO die wordt afgesloten moet worden aangemeld bij het ministerie van Sociale Zaken en Werkgelegenheid .,^q_1_pos,0,
WR-P-P-G0000317/WR-P-P-G-0000149106.p.2.s.1.xml,Wat hij had moeten doen is voorkomen dat er zoiets uit zou voortvloeien .,^q_1_pos,0,
WR-P-P-G0000322/WR-P-P-G-0000151081.p.6.s.1.xml,Maar uit onderzoek dat de commissie heeft laten doen is gebleken dat ruim een kwart van de middelbare scholieren niet wil gaan studeren als ze alle kosten moeten terugbetalen .,^q_1_pos,0,
WR-P-P-G0000326/WR-P-P-G-0000153205.p.7.s.2.xml,"Niets wijst er ook op dat de 19de-eeuwse leerling van de Openbare Handelsschool in Amsterdam ooit gedroomd heeft van , laat staan gestreefd zou hebben naar een prominente rol in het openbare leven .",^q_1_pos,0,
WR-P-P-G0000328/WR-P-P-G-0000153929.p.10.s.2.xml,De verkoop van rookwaren zou gebonden moeten worden aan een aparte vergunning die zo schaars wordt gemaakt dat mensen extra moeite moeten doen om rookwaren te kopen .,^q_1_pos,0,
WR-P-P-G0000328/WR-P-P-G-0000154011.p.6.s.2.xml,"Mijn ideaal is een plek , een documentaire videotheek waar ik elke documentaire die ik gemist heb kan gaan zien .",^q_1_pos,0,
WR-P-P-G0000329/WR-P-P-G-0000154624.p.5.s.3.xml,Dat een patiënt het uit eigen zak zou kunnen betalen is uitgesloten .,^q_1_pos,0,
WR-P-P-G0000332/WR-P-P-G-0000156047.p.9.s.1.xml,De vrees dat de aanloop naar de troonswisseling een probleem zou kunnen worden is verdwenen .,^q_1_pos,0,
WR-P-P-G0000334/WR-P-P-G-0000156835.p.9.s.2.xml,Het devies luidt : inschrijven is deelnemen is halen .,^q_1_pos,0,
WR-P-P-G0000335/WR-P-P-G-0000157672.p.4.s.2.xml,"Die partijgenoot van Cools zou de aanstichter zijn van de moord , aldus de advocaat-generaal , omdat Cools hem binnen zijn partij niet langer het hoofd boven water zou hebben willen houden .",^q_1_pos,0,
WR-P-P-G0000336/WR-P-P-G-0000157997.p.5.s.6.xml,"Bovendien wilden ze voorkomen dat voortaan gekwalificeerde havenarbeid ( zoals laden en lossen ) gedaan zou mogen gaan worden door ongekwalificeerde arbeidskrachten , met alle veiligheidsrisico's van dien .",^q_1_pos,1,
WR-P-P-G0000340/WR-P-P-G-0000160034.p.3.s.1.xml,De activiteiten die Stork wil behouden zullen worden versterkt door middel van overnames .,^q_1_pos,0,
WR-P-P-G0000342/WR-P-P-G-0000160631.p.16.s.1.xml,De wedstrijd waar Eudoxie en Zorgdrager zich zo op hadden verheugd moest worden afgelast omdat de vloer niet gelegd kon worden .,^q_1_pos,0,
WR-P-P-G0000346/WR-P-P-G-0000162809.p.16.s.5.xml,"A.J. van Vuren , generaal-majoor buiten dienst : ' Het slechtst denkbare wat je nu kunt doen is blijven zitten en de kat uit de boom kijken .",^q_1_pos,0,
WR-P-P-G0000346/WR-P-P-G-0000162812.p.7.s.3.xml,Militairen verwijderden de portretten en waarschuwden per megafoon dat Irakezen die zich op het plein zouden wagen zouden worden neergeschoten .,^q_1_pos,0,
WR-P-P-G0000349/WR-P-P-G-0000164104.p.1.s.1.xml,Psychiatrische patiënten moeten gedwongen kunnen worden behandeld .,^q_1_pos,!0,
WR-P-P-G0000350/WR-P-P-G-0000164601.p.2.s.1.xml,"De machtigste kleuter ter wereld , die wel riep dat Irakezen die oorlogsmisdaden plegen gestraft zouden moeten worden en die moord en brand roept in ' zijn ' strijd tegen het terrorisme , kent immers zijn pappenheimers .",^q_1_pos,0,
WR-P-P-G0000352/WR-P-P-G-0000165198.p.7.s.3.xml,"De vakbondsinzet dat voor specifieke groepen royale overgangsregelingen en zelfs behoud van het recht op vroeg stoppen moeten blijven gelden , is eveneens legitiem .",^q_1_pos,0,
WR-P-P-G0000353/WR-P-P-G-0000165744.p.1.s.1.xml,Na de nederlaag van diverse politieke partijen wordt geopperd dat de stemmen die naar Paul van Buitenen zijn gegaan ingevuld moeten worden als proteststem .,^q_1_pos,0,
WR-P-P-G0000360/WR-P-P-G-0000168865.p.8.s.2.xml,"Alles wordt onderzocht , of je met de politie in aanraking bent geweest , een belastingschuld hebt of dat je je ooit anderszins in de nesten hebt gewerkt , alles wat je chantabel zou kunnen maken wordt nagetrokken . '",^q_1_pos,0,
WR-P-P-G0000361/WR-P-P-G-0000169091.p.1.s.3.xml,Het geld dat daardoor vrijkomt zou moeten worden besteed aan kansrijke ontwikkelingen in de Randstad .,^q_1_pos,0,
WR-P-P-G0000363/WR-P-P-G-0000170182.p.4.s.5.xml,Dat een revolver en twee messen daar een einde aan zouden hebben gemaakt zouden hebben lijkt me stug .,^q_1_pos,0,
WR-P-P-G0000364/WR-P-P-G-0000170370.p.11.s.4.xml,"Of daarmee de moord op Van Gogh had kunnen worden voorkomen is twijfelachtig , maar voor de diensten was het delen van informatie wel handig geweest .",^q_1_pos,0,
WR-P-P-G0000365/WR-P-P-G-0000170775.p.2.s.3.xml,"Zelf werk ik in groep 1 - 2 en ik ben dagelijks in de weer om 4- , 5-en 6-jarigen bijvoorbeeld te leren dat terugslaan / schoppen / spugen / knijpen- / bijten / duwen / krabben niets oplost .",^q_1_pos,0,
WR-P-P-G0000365/WR-P-P-G-0000170988.p.1.s.2.xml,De parlementsverkiezingen die vrijdag op de Maldiven gehouden zouden worden zijn uitgesteld vanwege de de tsunami die zondag de eilandengroep trof .,^q_1_pos,0,
WR-P-P-G0000371/WR-P-P-G-0000172680.p.2.s.1.xml,"Minister van Binnenlandse Zaken Patrick Dewael startte een tijd geleden overleg tussen parketten en politiediensten , zodat overtreders die gefilmd worden veroordeeld kunnen worden .",^q_1_pos,0,
WR-P-P-G0000372/WR-P-P-G-0000173087.p.6.s.4.xml,Kazernes die Defensie wil ontruimen zouden kunnen worden opengehouden om jaarlijks vierduizend drop-outs op te voeden .,^q_1_pos,0,
WR-P-P-G0000374/WR-P-P-G-0000173718.p.9.s.1.xml,"De muziek die tegen betaling via iTunes wordt gedownload kan beluisterd worden op een computer of iPod , maar kan ook op een gewone cd worden gebrand .",^q_1_pos,0,
WR-P-P-G0000376/WR-P-P-G-0000174291.p.2.s.10.xml,"Het is naar mijn gevoel onverklaarbaar dat een minister oproept om dat te bestraffen.""Wij vinden dat mensen die al te lang moeten wachten geregulariseerd moeten worden .",^q_1_pos,0,
WR-P-P-G0000377/WR-P-P-G-0000174675.p.11.s.1.xml,Moeten de bedragen die ingezet kunnen worden geplafonneerd worden ?,^q_1_pos,0,
WR-P-P-G0000377/WR-P-P-G-0000174689.p.8.s.4.xml,"Ook gehandicapten , zieken , mensen die hier een belangrijk beroep uitoefenen of hier heel sterke sociale banden hebben opgebouwd moeten kunnen blijven .",^q_1_pos,0,
WR-P-P-G0000390/WR-P-P-G-0000178522.p.6.s.1.xml,Dat het dossier-Erdal publiek gemaakt zou worden werd bekendgemaakt na afloop van een vergadering van de parlementaire begeleidingscommissie van het Comité I. Die commissie oefent samen met het Comité I toezicht uit op de werking van de inlichtingendiensten .,^q_1_pos,0,
WR-P-P-G0000397/WR-P-P-G-0000180738.p.6.s.1.xml,De Malinese middenvelder van Liverpool Momo Sissoko heeft veel sneller dan gehoopt zijn wederoptreden kunnen vieren .,^q_1_pos,0,
WR-P-P-G0000399/WR-P-P-G-0000181191.p.4.s.4.xml,"De laatste keer dat ik de koning gezien heb moet geleden zijn van 1969 , toen hij de Kennedytunnel kwam openen .",^q_1_pos,0,
WR-P-P-G0000400/WR-P-P-G-0000181585.p.3.s.6.xml,"Zo heet zal de soep uiteraard niet gegeten worden , maar dat de beslissing in zeven haasten genomen zal worden staat nu al vast .",^q_1_pos,0,
WR-P-P-G0000401/WR-P-P-G-0000181630.p.3.s.5.xml,"In de belle époque was een van regels der wellevendheid immers dat je de grootste genoegens die een mens kan ervaren geconcentreerd moet beleven , en dat het niet past er verwarring tussen te scheppen .",^q_1_pos,0,
WR-P-P-G0000408/WR-P-P-G-0000183738.p.13.s.5.xml,""" Ik hoop dat je de pijn , het kwade , het verdriet en de opstandigheid die je op dat moment hebt moeten voelen kunt vergeten .",^q_1_pos,0,
WR-P-P-G0000408/WR-P-P-G-0000183879.p.29.s.1.xml,Harris : ' Het enige wat ik tijdens de opnamen van Desire moest doen was komen opdagen .,^q_1_pos,0,
WR-P-P-G0000411/WR-P-P-G-0000184684.p.16.s.1.xml,""" Het is de reden waarom ik recentelijk op een internationaal congres over het downsyndroom dat in Brugge werd gehouden ben gaan praten .",^q_1_pos,0,
WR-P-P-G0000418/WR-P-P-G-0000187233.p.5.s.3.xml,De stad laat nu uitzoeken of de schade die maandag is aangericht verhaald kan worden op de brandweer .,^q_1_pos,0,
WR-P-P-G0000419/WR-P-P-G-0000187313.p.7.s.2.xml,Wie over dit thema eerlijk wil discussiëren zal moeten toegeven dat een betere organisatie van migratie enkele voordelen heeft .,^q_1_pos,0,
WR-P-P-G0000421/WR-P-P-G-0000188286.p.17.s.1.xml,""" Het is vanzelfsprekend dat aan de mensen van wie nu vaststaat dat ze over de schreef zijn gegaan moet worden gezegd : er is geen plaats meer voor u in de PS. Zelfs mensen die zichzelf persoonlijk niets te verwijten hebben , maar wel dicht bij de problemen kwamen , doen er misschien goed aan een stap opzij te zetten .",^q_1_pos,0,
WR-P-P-G0000423/WR-P-P-G-0000188942.p.2.s.2.xml,Daaruit blijkt dat ons land op dat moment de normen wilde versoepelen : het aantal dagen dat de Europese norm voor fijn stof mag worden overschreden moest worden verdubbeld van 35 tot 70 .,^q_1_pos,0,
WR-P-P-G0000433/WR-P-P-G-0000192435.p.3.s.1.xml,"Dat daarbij de nodige afwisseling mag worden verwacht wordt verzekerd doordat de O.L.V.-kathedraal over twee goede orgels beschikt : het romantische Schyvenorgel , geschikt voor romantische en een aardig deel van de twintigste-eeuwse literatuur , en het recente maar klassieke Metzlerorgel voor vroegere muziek én nieuwe die om een gestroomlijnd instrument vraagt .",^q_1_pos,0,
WR-P-P-G0000441/WR-P-P-G-0000194803.p.1.s.1.xml,' Stemmen zou verplicht moeten zijn ',^q_1_pos,!0,
WR-P-P-G0000442/WR-P-P-G-0000195168.p.8.s.4.xml,"De cultuur die in het Vlaamse gewest tot bloei moet kunnen komen wordt voorgesteld als homogeen Vlaams "" ( de Volkskrant , 7 juli 2006 ) .",^q_1_pos,0,
WR-P-P-G0000442/WR-P-P-G-0000195188.p.11.s.1.xml,"Maar die tachtig illegalen in zes maanden tijd die konden doorglippen moeten gezien worden als accidents de parcours , vindt de bestuurder .",^q_1_pos,0,
WR-P-P-G0000443/WR-P-P-G-0000195542.p.2.s.2.xml,Cruciale bandopnamen waaruit zijn precieze betrokkenheid zou moeten blijken zijn gewist .,^q_1_pos,0,
WR-P-P-G0000445/WR-P-P-G-0000196120.p.8.s.4.xml,"Maar wie niet wil werken moet worden aangepakt , en er moet op dat vlak veel strenger worden gecontroleerd . "",^q_1_pos
WR-P-P-G0000446/WR-P-P-G-0000196450.p.15.s.4.xml,""Toen l'Association werd opgericht , besefte ik plots dat het boek dat ik wilde maken uitgegeven kon worden .",^q_1_pos,0,
WR-P-P-G0000453/WR-P-P-G-0000198949.p.7.s.1.xml,Alle patiënten die getest konden worden waren besmet met het hiv-virus .,^q_1_pos,0,
WR-P-P-G0000458/WR-P-P-G-0000200608.p.1.s.2.xml,Het gaat om een festival dat de veelzijdigheid van de artiesten die bij het label onderdak hebben gevonden moet helpen onderstrepen .,^q_1_pos,0,
WR-P-P-G0000463/WR-P-P-G-0000202102.p.3.s.1.xml,Zelfs wie rotsvast geloofde dat godsdiensten door de vooruitgang tot het verleden zouden gaan behoren moet vaststellen dat religie en spiritualiteit weer op de kaart komen .,^q_1_pos,0,
WR-P-P-G0000480/WR-P-P-G-0000207560.p.5.s.4.xml,Er waren Wehrmachtsoldaten die in zwijm vielen toen ze de mensen die terechtgesteld zouden worden moesten vastbinden en blinddoeken .,^q_1_pos,0,
WR-P-P-G0000480/WR-P-P-G-0000207718.p.25.s.7.xml,En wat hij al helemáál niet had mogen doen was doodgaan .,^q_1_pos,0,
WR-P-P-G0000481/WR-P-P-G-0000208032.p.14.s.3.xml,"Iets waarbij bijvoorbeeld iemand probeert te zingen / dansen / schaatsen / flirten / reizen , met daar dan een jury bij .",^q_1_pos,0,
WR-P-P-G0000483/WR-P-P-G-0000208526.p.7.s.3.xml,"Ons voorstel om hen daarbij te helpen werd in dank afgenomen . "",^q_1_pos
WR-P-P-G0000483/WR-P-P-G-0000208719.p.20.s.6.xml,""Maar ik maak me sterk dat we met de haarscherpe manier waarop onze mensen in Kamer en Senaat de manco's van paars blijven blootleggen kunnen blijven tonen dat we een alternatief zijn .",^q_1_pos,0,
WR-P-P-G0000495/WR-P-P-G-0000213009.p.5.s.5.xml,Ziekenhuizen die hun antibioticaverbruik substantieel doen dalen moeten beloond worden - net als de ambulante sector .,^q_1_pos,0,
WR-P-P-G0000501/WR-P-P-G-0000215201.p.15.s.1.xml,Mij komt het voor dat professor Nys bewust het wetsvoorstel verdacht wil maken en op zijn pseudo-filosoferende manier niets anders doet dan het publiek angst aanjagen : wie doorverwezen wordt zal worden afgemaakt ' .,^q_1_pos,0,
WR-P-P-G0000510/WR-P-P-G-0000218897.p.8.s.1.xml,"Ik wil hier het deze week alom geprezen recht op vrije meningsuiting benutten om alvast een wilsbeschikking bekend te maken : "" Ik wens in geen geval , zelfs niet voor een appendicitis , opgenomen te worden in het ziekenhuis waarvan een dokter deze week verklaarde : "" Als ik de verpleegster die haar tante heeft helpen sterven zou moeten sanctioneren , dan moest ik tachtig procent van mijn verpleegsters wegsturen .",^q_1_pos,0,
WR-P-P-G0000525/WR-P-P-G-0000225283.p.2.s.2.xml,"Enerzijds is het niet meer dan billijk dat wie gewoon zijn rechten opeist en van de rechter gelijk krijgt , eigenlijk alle kosten die hij daarvoor moest doen moet kunnen aanrekenen aan de verliezende partij .",^q_1_pos,0,
WR-P-P-G0000538/WR-P-P-G-0000230246.p.9.s.3.xml,"Na de 14de zwangerschapsweek kan abortus in ons land enkel nog uitgevoerd worden als het uitdragen van de zwangerschap een ernstig gevaar inhoudt voor het leven van de vrouw , of als blijkt dat het kind dat geboren moet worden zal lijden aan een bij de huidige stand van de wetenschap ongeneeslijke kwaal .",^q_1_pos,0,
WR-P-P-G0000538/WR-P-P-G-0000230256.p.10.s.1.xml,Een ander debat dat gevoerd zou kunnen worden is dit : wat moet er gebeuren als de daders gevat zijn ?,^q_1_pos,0,
WR-P-P-G0000539/WR-P-P-G-0000230628.p.5.s.3.xml,""" Ik verkondig al maanden dat , wanneer ik een beslissing over de toekomst van mijn carrière neem , ik het aan iedereen die het wil horen zal laten weten .",^q_1_pos,0,
WR-P-P-G0000542/WR-P-P-G-0000232005.p.8.s.3.xml,Tenzij je papier dat uiteindelijk tegen 1.000 euro zal worden terugbetaald kunt kopen voor pakweg 950 euro .,^q_1_pos,0,
WR-P-P-G0000542/WR-P-P-G-0000232095.p.1.s.1.xml,Ik zoek het boek Le Christ inconnu de l'hindouisme ( huren / lenen / kopen ) van Raimon Panikkar .,^q_1_pos,0,
WR-P-P-G0000550/WR-P-P-G-0000235276.p.4.s.7.xml,Ze zijn boos omdat een personage in een fictieboek suggereert dat Jezus misschien wel eens getrouwd zou kunnen zijn geweest .,^q_1_pos,!0,
WR-P-P-G0000551/WR-P-P-G-0000235605.p.8.s.1.xml,Dat op zich vormt de basis waarom aandelen in opkomende markten op lange termijn sterk zouden moeten blijven presteren verdienen dus een plaats in elke gediversificeerde portefeuille .,^q_1_pos,0,
WR-P-P-G0000583/WR-P-P-G-0000248210.p.10.s.2.xml,""" Omdat door een goede diagnose te stellen , de kosten van de gezondheidszorg in toom kunnen worden gehouden '' , voegt hij eraan toe .",^q_1_pos,0,
WR-P-P-G0000584/WR-P-P-G-0000248551.p.4.s.1.xml,"In de cijfers die Binnenlandse Zaken vrijgaf over het aantal kiezers dat op 8 oktober mag / moet gaan stemmen , ging de meeste aandacht naar de niet-EU-burgers ( DS 16 augustus ) .",^q_1_pos,0,
WR-P-P-G0000589/WR-P-P-G-0000250400.p.4.s.3.xml,Intelligente borden plaatsen zou verplicht moeten worden .,^q_1_pos,0,
WR-P-P-G0000592/WR-P-P-G-0000251689.p.1.s.3.xml,""" Maanden geleden , misschien meer dan een jaar , heeft hij me gevraagd een document mee te ondertekenen waarmee zou kunnen ingegrepen worden mocht hij dementeren of zo. ''",^q_1_pos,0,
WR-P-P-G0000609/WR-P-P-G-0000258756.p.8.s.4.xml,De reis uitstellen zou geïnterpreteerd kunnen worden als een aanwijzing dat er met het moslimland ' Turkije niet te praten valt .,^q_1_pos,0,
WR-P-P-G0000616/WR-P-P-G-0000261307.p.4.s.4.xml,"De arts blijft immers verantwoordelijk voor zijn voorschrift en de toedieningswijze wordt bepaald door de ziekte van de patiënt , waardoor iemand die niet meer kan slikken uitgesloten zou worden .",^q_1_pos,0,
WR-P-P-G0000620/WR-P-P-G-0000262852.p.2.s.2.xml,En of ze diegenen die hun vrees en reserve hadden geuit heeft kunnen geruststellen .,^q_1_pos,0,
WR-P-P-G0000622/WR-P-P-G-0000263767.p.2.s.2.xml,Maar de Franstaligen dienden een belangenconflict in tegen de bepaling dat wie een sociale woning wil huren bereid moet zijn om Nederlands te leren .,^q_1_pos,0,
WR-P-P-G0000623/WR-P-P-G-0000264185.p.7.s.5.xml,Overal groeide de overtuiging dat het enige werkzame economische systeem dat materiële welvaart kan brengen gestoeld moet zijn op markteconomische principes .,^q_1_pos,0,
WR-P-P-G0000635/WR-P-P-G-0000268955.p.6.s.5.xml,Ook al ten tijde van de Amerikaanse ( 1776 ) en de Franse ( 1789 ) revoluties rees voortdurend de vraag : hoe zorgen we ervoor dat burgers de politici die ze zelf verkozen hebben kunnen blijven controleren ?,^q_1_pos,0,
WR-P-P-G0000639/WR-P-P-G-0000270646.p.10.s.4.xml,Die beledigen en vernederen zou geleid kunnen hebben tot een breuk in de partij .,^q_1_pos,0,
WR-P-P-G0000663/WR-P-P-G-0000284977.p.6.s.4.xml,"Mensen ( als je die zo kan noemen ) die dergelijke processen aanspannen , zouden vervolgd moeten kunnen worden wegens onverdraagzaamheid .",^q_1_pos,0,
WR-P-P-G0000674/WR-P-P-G-0000292389.p.1.s.1.xml,"BRUSSEL Dat de spilindex drie maanden later dan verwacht zal worden overschreden heeft volgens experts minder te maken met de samenstelling van de indexkorf , dan met de berekening .",^q_1_pos,0,
